"CODE SAQ (CIP)";"DESCRIPTION";"NO FOURNISSEUR";"NO AGENT"
"15588353";"Cherry River Vodka Limonade (4 x 355ml)";17400778;17351334
"15611373";"Cherry River, Vodka César";17400778;17351334
"14001338";"Cherry River Vodka Premium";17400778;17351334
"14064873";"Cherry River Érable";17400778;17351334
"14250123";"Cherry River Vodka aux Cerises Sauvages";17400778;17351334
"14545132";"Opémiska";17400778;17351334
"14561781";"Cherry River Dry Gin";17400778;17351334
"14558831";"Tawse Guy Lafleur Syrah Péninsule du Niagara";2418941;17351334
"14682891";"Cherry River Floral";17400778;17351334
"14682882";"Cherry River Petits Fruits Basilic";17400778;17351334
"14758699";"Opémiska Boréal Bleuets Sauva.";17400778;17351334
"14960213";"Cherry River Mojito (4X355ml)";17400778;17351334
"14964880";"Averse, gin";17400778;17351334
"14964978";"Averse, Vodka";17400778;17351334
"14954876";"Cherry River Lime & Gingembre";17400778;17351334
"14989788";"Cherry River Amaretto";17400778;17351334
"15047160";"Cherry River, Mojito restaurat ion";17400778;17351334
"15026641";"Averse, Rhum Épicé";17400778;17351334
"15047178";"Cherry River, Cosmo restaurati on";17400778;17351334
"15026967";"Averse, Liqueur Vanille Gallia no";17400778;17351334
"15026861";"Averse, gin";17400778;17351334
"14954868";"Cherry River Rhum Épicé";17400778;17351334
"15026836";"Averse, Mojito en fut";17400778;17351334
"14954892";"Cherry River Tequila Silver";17400778;17351334
"15056779";"Averse, liqueur orange";17400778;17351334
"15079760";"Averse, gin pamplemousse rose";17400778;17351334
"14989770";"Cherry River Lychee Tangerine";17400778;17351334
"14989809";"Cherry River Café";17400778;17351334
"14989833";"Cherry River Pample. Rose";17400778;17351334
"14989796";"Cherry River Écorce de Vanille";17400778;17351334
"14989825";"Cherry River Orange Triple Sec";17400778;17351334
"15066248";"Averse, Averse Vodka Ceasar";17400778;17351334
"15095284";"Opémiska Gin Boréal Fraises";17400778;17351334
"15096105";"Averse, Amaretto";17400778;17351334
"15096121";"Averse, Liqueur de café";17400778;17351334
"15096113";"Averse, Rhum Sugarcane";17400778;17351334
"15096092";"Averse, Cosmo en fut";17400778;17351334
"15182960";"Averse, gin";17400778;17351334
"15183559";"Cherry River, Vodka";17400778;17351334
"15183735";"Averse, Liqueur Vanille Gallia no";17400778;17351334
"15168156";"Cherry River Collection Mixol. Caisse Mixte (6 x 355 ml)";17400778;17351334
"15231215";"Averse, Rhum Épicé";17400778;17351334
"15255701";"Averse Téquila";17400778;17351334
"15256551";"Averse, Averse Téquila";17400778;17351334
"15303910";"Cherry River Ambré";17400778;17351334
"15311581";"Cherry River Framboises Lime";17400778;17351334
"15298014";"Cherry River Eau Pétillante Or Sanguine & Fram. 4 X 355 ml";17400778;17351334
"15303872";"Opemiska Liqueur de Whisky à l'Érable";17400778;17351334
"15359323";"Averse, liqueur orange";17400778;17351334
"15384553";"Cherry River Coffret Gin Aromatisés";17400778;17351334
"15401202";"Cherry River, Rhum punch Cherr y River";17400778;17351334
"15419357";"Averse, Vodka";17400778;17351334
"15449214";"Averse Liqueur d'Orange";17400778;17351334
"15449206";"Averse Averse Vodka Premium";17400778;17351334
"15449071";"Averse Liqueur de Café";17400778;17351334
"15449249";"Averse Averse Rhum Épicé";17400778;17351334
"15449046";"Averse Dry Gin";17400778;17351334
"15450979";"Averse Averse Rhum Ambré";17400778;17351334
"15471243";"Averse Averse Tequila";17400778;17351334
"15493821";"Cherry River, Dry Gin";17400778;17351334
"15493792";"Cherry River, Rhum ambré";17400778;17351334
"15469258";"Averse, Vodka Mangue";17400778;17351334
"15494154";"Cherry River, Vodka Premium";17400778;17351334
"15499596";"Averse Vodka Framboises";17400778;17351334
"15489099";"Cherry River Averse";17400778;17351334
"15474217";"Cherry River Limonade de Gin Peti. Fruits & Basilic 4X355ml";17400778;17351334
"15499625";"Averse Vodka Pommes";17400778;17351334
"15521562";"Cherry River Crème Glacée à la Vanille Coaticook";17400759;17351334
"15513802";"Averse Vodka Framboises";17400778;17351334
"15525563";"Cherry River Collection Réconfort";17400778;17351334
"15559691";"Averse Bourbon";17400778;17351334
"15546401";"TP-Averse Vodka Mangue";17400778;17351334
"15546356";"TP-Averse London Dry Gin";17400778;17351334
"15546399";"TP-Averse Rhum Ambré";17400778;17351334
"15546364";"TP-Averse Tequila Silver";17400778;17351334
"15546436";"TP-Averse Vodka Framboises";17400778;17351334
"15546372";"TP-Averse Vodka Pommes";17400778;17351334
"15546428";"TP-Averse Rhum Épicé";17400778;17351334
"15546348";"TP-Averse Triple Sec Liqueur Orange";17400778;17351334
"15546410";"TP-Averse Vodka Premium";17400778;17351334
"15546381";"TP-Averse Liqueur de Café";17400778;17351334
