lead_time_days,product_name
72.0,Cocktail rimmer 
72.0,Casquette cocktail club
72.0,Casquette Cherry River
72.0,Boite cadeau verres + bouteille
72.0,Becs verseur Cherry river
72.0,Moule cube glace 
72.0,Mesureur d'oz
72.0,Livre Apéro -Marc Dupré
72.0,Jigger long
72.0,Jigger arrondi - Cherry River
72.0,Hoodie Cherry River
72.0,Fruits séchés à cocktails
72.0,Cuillère à cocktail
72.0,Crewneck Cherry River
72.0,Crew Neck noir DryMartini
72.0,Coffre en bois (Coffret)
72.0,T-Shirt GinLimonade
72.0,T-Shirt Cherry River
72.0,Strainer
72.0,Sous-verre
72.0,Shaker noir 2pieces
72.0,Shaker bronze Cherry River
72.0,Sac blanc tissu
72.0,Rillettes 
72.0,Presse agrumes
72.0,Porte clés 
72.0,Polo brodé Cherry River
72.0,Poigné de bar
72.0,Pilon
72.0,Éplucheur 
72.0,shaker Stainless Cherry River
72.0,mesureur d'oz rond noir
72.0,Verres à cocktails (vitre)
72.0,Verre shooter
72.0,Verre martini 
72.0,Verre margarita
72.0,Verre en vitre logo 290ml
72.0,Verre en stainless noir logo
72.0,Verre Stainless noir Cherry River
72.0,Tapis de bar
72.0,Tammis 
,Assemblage Gin framboise lime
,Assemblage Gin Tonic Bleuets Sauvage 7%
,Assemblage Gin Tonic
,Assemblage Gin Floral
,Assemblage Gin Averse Éco.
,Assemblage Dry Gin sans Alcool
,Assemblage Dry Gin
,Assemblage Crême Coaticook
,Assemblage Cosmo
,Assemblage Cocktail Petits Fruits et Basilic
,Assemblage Bourbon à l'Érable
,Assemblage Bourbon (Blend)
,Assemblage Amaretto Sour 7%
72.0,Étampe à glace 
,Assemblage Liqueur de Café
,Assemblage Liqueur Orange
,Assemblage Liqueur Amaretto
,Assemblage Limonade Petits Fruits 5%
,Assemblage Gin litchi tangerine
,Assemblage Opémiska Whisky Érable
,Assemblage Opémiska Fraise
,Assemblage Opémiska Boréal 40%
,Assemblage Opémiska Bleuets 40%
,Assemblage Mojito
,Assemblage Margarita
,Assemblage Liqueur de Vanille
,Assemblage Vodka Framboise
,Assemblage Vodka Cerise
,Assemblage Vodka Caesar 33%
,Assemblage Téquila
,Assemblage Sangria 6.5%
,Assemblage Rhum Épicé
,Assemblage Rhum Punch Tiki 7%
,Assemblage Rhum Punch - Econo
,Assemblage Rhum Punch
,Assemblage Rhum Cola
,Assemblage Rhum Ambré
,Assemblage Petits Fruits et basilic 40%
,Assemblage Paloma 7%
,Assemblage Orange Sanguine Framboise 5%
,Assemblage Opémiska Whisky Érable Reduction de couts
,Assemblage eau tonique régulière
,Assemblage eau tonique léger
,Assemblage Paloma Sans Alcool
,Assemblage Mojito Sans Alcool
,Assemblage Mocktail Sangria
,Assemblage Mocktail Petits Fruits
,Assemblage Mocktail Orange Sanguine
,Assemblage Mocktail Melon d'eau et Lime
,Assemblage Mocktail Cosmo Sans Alcool
,Assemblage Mocktail Amaretto Sour
,Assemblage Margarita Sans Alcool
,Assemblage Vodka Érable 41%
,Assemblage Vodka Pomme
,Assemblage Vodka Original 40%
,Assemblage Vodka Mangue
100.0,Bouteille 200ml - Test soumission
100.0,Bouteille 1140ML blank Pharma
,Pieces de machinerie
,Palette plastique - Hartprint
,Palette CHEP
,Keg - Vide - 20L
,Feuille de palette - Hartprint
,Cherry River - Parasol
,Cadre plastique - Hartprint
,Bureau en bois
,Base de Frigidaire
,Assemblage soda gingembre régulier
,Assemblage soda gingembre léger
100.0,Bouteille vide - 60ml
100.0,Bouteille vide  - Cherry River - Gin lime et gingembre - 750ml
100.0,Bouteille Vide - Cherry River - Tequila Silver - 750ml
100.0,Bouteille Vide - Cherry River - Rhum Épicé - 750ml
100.0,Bouteille 750ml blank pharma
100.0,Bouteille 200ml - Test soumission - vodka erable
100.0,Bouteille 200ml - Test soumission - liqueur de cafe
100.0,Bouteille 200ml - Test soumission - Rhum epice
100.0,Bouteille 200ml - Test soumission - Amaretto
100.0,Bouteille vide - Ancienne carré - 750ml
100.0,Bouteille vide - Alister Mackenzie - 750ml
100.0,Bouteille vide - Averse Mangue - 1.14L
100.0,Bouteille vide - Averse - Vodka Pomme - 750ml
100.0,Bouteille vide - Averse - Téquila - 1.14L
100.0,Bouteille vide - Averse - Rhum Épicé - 1.14L
100.0,Bouteille vide - Averse - Rhum Ambré - 1.14L
100.0,Bouteille vide - Averse - Liqueur de Café - 1.14L
100.0,Bouteille vide - Averse - Liqueur d'Orange - 750ml
100.0,Bouteille vide - Averse - Liqueur d'Orange - 1.14L
100.0,Bouteille vide - Averse - Liqueur Vanille - 1.14L
100.0,Bouteille vide - Averse - Dry Gin / Gin Dry - 1.14L
100.0,Bouteille vide - Cherry River -  Sirop - 130ml
100.0,Bouteille vide - Calendrier - 60ml
100.0,Bouteille vide - CDL - Blank - 1L
100.0,Bouteille vide - CDL - (Vieux Averse) - 1L
100.0,Bouteille vide - Blank - 200ml Bouchon type Gin
100.0,Bouteille vide - Averse Vodka Premium - 750ml
100.0,Bouteille vide - Averse Vodka Premium - 1.14L
100.0,Bouteille vide - Averse Vodka Pomme - 1.14L
100.0,Bouteille vide - Averse Vodka Framboise - 750ml
100.0,Bouteille vide - Averse Vodka Framboise - 1.14L
100.0,Bouteille vide - Averse Mangue - 750ml
100.0,Bouteille vide - Cherry River - Gin petits fruits et basilic sans alcool - 750ml
100.0,Bouteille vide - Cherry River - Gin petits fruits et basilic - 750ml
100.0,Bouteille vide - Cherry River - Gin petits fruits et basilic - 375ml
100.0,Bouteille vide - Cherry River - Gin pamplemousse - 750ml
100.0,Bouteille vide - Cherry River - Gin litchi et tangerine - 750ml
100.0,Bouteille vide - Cherry River - Gin litchi et tangerine - 375ml
100.0,Bouteille vide - Cherry River - Gin framboise et lime - 750ml
100.0,Bouteille vide - Cherry River - Gin framboise et lime - 375ml
100.0,Bouteille vide - Cherry River - Gin Dry / Dry Gin sans alcool - 750ml
100.0,Bouteille vide - Cherry River - Fleur de lys - 750ml
100.0,Bouteille vide - Cherry River - Dry Gin / Gin Dry - 750ml
100.0,Bouteille vide - Cherry River - Dry Gin / Gin Dry - 375ml
100.0,Bouteille vide - Cherry River - Bourbon / Whiskey - 750ml
100.0,Bouteille vide - Cherry River - Amers
100.0,Bouteille vide - Cherry River - Sirop - 375ml
100.0,Bouteille vide - Cherry River - Sans alcool - Soda gingembre régulier - 200ml
100.0,Bouteille vide - Cherry River - Sans alcool - Soda Gingembre léger - 200ml
100.0,Bouteille vide - Cherry River - Sans alcool - Eau club soda - Petite - 200ml
100.0,Bouteille vide - Cherry River - Sans alcool - Eau Tonique régulière - Petite - 200ml
100.0,Bouteille vide - Cherry River - Sans alcool - Eau Tonique légère - Petite  - 200ml
100.0,Bouteille vide - Cherry River - Rhum Punch - 750ml
100.0,Bouteille vide - Cherry River - Rhum Ambré - 750ml
100.0,Bouteille vide - Cherry River - Rhum Ambré - 375ml
100.0,Bouteille vide - Cherry River - Liqueur de Bourbon - 750ml
100.0,Bouteille vide - Cherry River - Liqueur Amaretto - Carré - 750ml
100.0,Bouteille vide - Cherry River X Coaticook - 750ml
100.0,Bouteille vide - Cherry River - Vodka Érable - 750ml
100.0,Bouteille vide - Cherry River - Vodka cerise - 750ml
100.0,Bouteille vide - Cherry River - Vodka Original - 750ml
100.0,Bouteille vide - Cherry River - Vodka Original - 375ml
100.0,Bouteille vide - Cherry River - Tequila Silver - 375ml
100.0,Bouteille vide - Cherry River - Sirops - 473ml
100.0,Bouteille vide - Cherry River - Sirops - 250ml
100.0,Bouteille vide - Chinoise - 750ml
100.0,Bouteille vide - Opémiska - Gin Boréal - 750ml
100.0,Bouteille vide - Opémiska - Gin Boréal - 375ml
100.0,Bouteille vide - Opémiska - Gin Bleuets - 750ml
100.0,Bouteille vide - Opémiska - Gin Bleuets - 375ml
,Disilla
100.0,Bouteille vide compte-gouttes - 1oz
100.0,Bouteille vide blank - 375ml 
100.0,Bouteille vide - blank type gin - 500ml
100.0,Bouteille vide - blank Serenade - 750ml
100.0,Bouteille vide - Vissable - Blank Screw Mount - 250ml
100.0,Bouteille vide - Vissable - Blank Screw Mount - 200ml
100.0,Bouteille vide - Rhum punch Nene - 750ml
100.0,Bouteille vide - Opémiska - Liqueur de whisky à l'érable - 750ml
100.0,Bouteille vide - Opémiska - Gin fraises - 750ml
100.0,Bouteille vide - Opémiska - Gin fraises - 375ml
49.0,Cannelle
49.0,Canneberges séchés
49.0,Canelle
49.0,Bleuets séchés
49.0,Bleu brillant FCF 88% dye
49.0,Benzoate de sodium
49.0,Basilic séché
49.0,Baies de genevièvre
49.0,Allura Red
49.0,Alcool 95% - KG
49.0,Acide malique
49.0,Acide citrique
,Frais rush
30.0,"Cartouche de ""Make-up""-V7205-D"
49.0,HFCS 42
49.0,Graines de coriandre
49.0,Glycérine Végétale 99.5% Grade USP 20 litres
49.0,Gingembre
49.0,Framboise séchés
49.0,Fraise séchés
49.0,Fleur de sureau
49.0,Feuille de framboisier
49.0,Eau osmosée
49.0,Crème Coaticook
49.0,Clou de girofle
49.0,Citronnelle
49.0,Cardamone
49.0,Myrique Baumier
49.0,Muscade
49.0,Mures blanches séchés
49.0,Maltodextrine (Globe10) 
49.0,Lavande
14.0,Jus de lime concentré 450 GPL
14.0,Jus d'orange concentré clarifié
49.0,Jaune soleil FCF
90.0,Indiana Bourbon
7.0,Sel
14.0,Sapin baumier
14.0,Racine d'angélique
14.0,Pousse de bouleau
14.0,Poudre d'amande
14.0,Pomme de pin
14.0,Poivre noir
14.0,Poivre des Dunes
14.0,Poivre crispé
14.0,Petales de rose
49.0,Mélilot
14.0,Lids noir
14.0,Filtres à plaques
14.0,Filtre à cartouche 1um
,VJ2380 CODEUR
,Service module 1 1580
14.0,Glycol Simfrost 30%
14.0,Écorce de lime
14.0,Écorce de citron
14.0,Écorce d'orange
14.0,Violette
14.0,Thé du labrador
49.0,Thé des bois
49.0,Tartrazine
14.0,Sirop d'érable
45.0,Cherry River - Sirops  - Cap Linear Foam 22mm
14.0,6-Pack - PakTech
,Distillat aqueux type GIN CHERRY RIVER
,Distilla de gin petits fruits basilic
,Distilla Gin Floral
,Distilla - Dry Gin
,Distilla - Base de Gin Opémiska Fraises
,Distilla - Base de Gin Opémiska Bleuets
,Distilla - Base de Gin Framboise et lime
,Distilla - BASE de Gin- Opémiska boréal
,BASE de GIN AROMATISÉ
7.0,Stretch Wrap - Cast 120 Gauge
7.0,Pellicule Plastique
49.0,FN-10655 Liqueur Orange
49.0,FN-10642 - ARÔME TYPE RHUM
49.0,FN-10001 Basilic
49.0,EN-10017 (romarin)
49.0,Black carrot 409273
49.0,Acide phosphorique 85 %
49.0,AFE-0010 Antifoam Emulsion Food Grade 
14.0,Sucre liquide 77 - Glucose-Fructose 
14.0,Rouleau de Wrapping
45.0,Quadpack
45.0,Cornières en carton
45.0,Cherry River - Sirops  - Cap Linear Foam 37mm
49.0,FN-15541 - T.Amaretto
49.0,FN-15271 CARAMEL 1X
49.0,FN-14972 Citron
49.0,FN-14523 Moscow Mule Ginger Ale
49.0,FN-13614 Margarita
49.0,FN-13590 Pomme
49.0,FN-13009 Canneberge
49.0,FN-13004 Cola
49.0,FN-12382 Orange
49.0,FN-11924 Gin naturel
49.0,FN-11906 Orange Sanguine
49.0,FN-11714
49.0,FN-11463 Fruits de la passion
49.0,FN-11208 Chêne
49.0,FN-17934 Mangue
49.0,FN-17314 Pamplemousse
49.0,FN-16862 Fraise
49.0,FN-16109 Lime
49.0,FN-16071 Colorant Caramel 2x
49.0,FN-15908 - Émulsion orange
49.0,FN-15865 Jus raisin
49.0,FN-21188 J. Legumes
49.0,FN-21170 Coriandre fraiche
49.0,FN-20565 - Melon d'eau
49.0,FN-20545 Ananas
49.0,FN-20538 Tomate
49.0,FN-20262 Moscow Mule
49.0,FN-20136 Menthol
49.0,FN-19077 - ARÔME TYPE NOIX DE COCO CRÉMEUX
49.0,FN-17991 Sur
49.0,FN-23930 Gingembre
49.0,FN-23730 Whisky Bourbon
49.0,FN-23713 - T.Limonade
49.0,FN-23684 Soda Tonique (Indien)
49.0,FN-23542 Pomme Verte
49.0,FN-23536 Orange
49.0,FN-23518 Citron
49.0,FN-23517 Aperitif
49.0,FN-23368 Baie
49.0,FN-23266 Piment epice Jamaicain
49.0,FN-23018 Rhum brun
49.0,FN-22700 - ARÔME TYPE ANANAS
49.0,FN-21904 Basilic
49.0,FN-24770 Rhum Brun
49.0,FN-24595 Litchi Tangerine
49.0,FN-24532 Rehausse de notes sucrées
49.0,FN-24368 Framboise Noire
49.0,FN-24344 Muska Vin
49.0,FN-24257
49.0,FN-24252 Pamplemousse
49.0,FN-24071 The Glace
49.0,FN-24055 Framboise
49.0,FN-24930 Erable
49.0,FN-24913 Pamplemousse
49.0,FN-24886 Fraise
49.0,FN-24791 Gin Floral
49.0,FN-24788 Mojito
49.0,FN-24782 Petits Fruits Basilic
49.0,FN-40084 - ARÔME LAVANDE
49.0,FN-40072 Clou de girofle
49.0,FN-40023
49.0,FN-25785 Tequila Blanco
49.0,FN-25679 Framboise
49.0,FN-25520 Rhum Brun
49.0,FN-25471 Moscow Mule
49.0,FN-25463 Rhum Epice
49.0,FN-25407 Arome type alcool
49.0,FN-25181 Sangria Rouge
49.0,FN-25143 Gin Boreal
49.0,FN-25139 Gin Tonique
49.0,FN-24950 Gin Bleuets
49.0,MET0015622 Cerise chocolat
49.0,MET0014815 Colorant jaune
49.0,MET0008088 (Erable)
49.0,MET0004415-V1 Café espresso
49.0,MET0003876 (Café Instantanné)
49.0,MET0003155 (IV) (Caramel color)
49.0,FN-40421
49.0,FN-40413 Quinnie Hydrocloride
49.0,FN-40409 - Lime
49.0,FN-40332 Capiscum
49.0,FN-40197 Gingembre
49.0,FN-40104 Baie Genevre
49.0,FN-40090 Colorant Carotte noir
49.0,MET0016920 (PFB)
49.0,MET0016550-WS Gin arome dry
49.0,MET0016460 Gin arome
49.0,MET0016290 (Petits fruits)
49.0,MET00162897 (Mûre)
49.0,MET0016289 (canneberge)
49.0,MET0016288 (Orange)
49.0,MET0016287 (Mûres)
49.0,MET0016286 (citron)
49.0,MET0016285 (Pamplemousse)
49.0,MET0016284 (Poires caramel)
49.0,MET0016283 (Érable)
49.0,MET0016282 (cerise)
49.0,MET0016129 Vanille et herbe
30.0,Boite - 4pack - Mojito
30.0,Boite - 4pack - Amaretto sour Sans Alcool
30.0,Boite - 12pck PAB mix -296ml
30.0,Boite - 12Pack PAB mix -355ml
45.0,Barquette intérieur collection réconfort 4 x 200ml
49.0,MET0019402 (Caesar rehausseur)
49.0,MET0019242 (Tonique)
49.0,MET0018465 - V1 Amaretto
49.0,MET0018429-V1 Orange
70.0,Boite - Cherry River - Calendrier de l’avent
30.0,Boite - Cherry River
30.0,Boite - Averse - 3x1L
30.0,Boite - 6pack Mixologie sans alcool
30.0,Boite - 6pack Mixologie
30.0,Boite - 6pack Fruite/Leger - Sans Alcool
30.0,Boite - 6pack Apero - Sans Alcool
30.0,Boite - 4pack Limonade Petits Fruits 5% 355ml
30.0,Boite - 4pack - Sangria Sans Alcool
30.0,Boite - 4pack - Paloma Sans alcool
30.0,Boite - 4pack - Paloma 
30.0,Boite - 4pack - Mojito Mocktail Sans Alcool
30.0,Boite / Cabaret - Cherry River - Gin Limonade et petits fruits
30.0,Boite / Cabaret - Cherry River - 6X4X200 ML
30.0,Boite / Cabaret - Cherry River
30.0,Boite / Cabaret - Averse
30.0,Boite - Separateur Averse pour boite de 12
30.0,Boite - Separateur Averse 2x1L
30.0,Boite - Orange Sanguine
30.0,Boite - Margarita Mocktail Sans Alcool
30.0,Boite - Gin Petits Fruits et Basilic PFB Sans Alcool
,Boite - Cosmo Sans Alcool
30.0,Boite / Cabaret - Cherry River - mixologie
30.0,Boite / Cabaret - Cherry River - Orange Sanguine et Framboise Sans alcool
30.0,Boite / Cabaret - Cherry River - Orange Sanguine et Framboise
30.0,Boite / Carton - Cherry River- Sirop 250ml
30.0,Boite / Carton - Cherry River Tequila
30.0,Boite / Carton - Cherry River - Vodka (12X750ML)
30.0,Boite / Carton - Cherry River - Sirop 375ml
30.0,Boite / Carton - Cherry River - Rhum épicé (12X750ML)
30.0,Boite / Carton - Cherry River - Gin Pamplemousse
30.0,Boite / Carton - Cherry River - Gin Framboise Lime (12X750ML)
30.0,Boite / Carton - Cherry River - Gin (12 x 750ML)
30.0,Boite / Carton - Cherry River - Collection Mixo Sans Alcool 6pack
30.0,Boite / Carton - Cherry River  - Sirop 473ml (6X473ML)
30.0,"Boite / Carton - Averse 12x1,14L"
30.0,"Boite / Carton - Averse - 3x1,14L"
30.0,Boite / Carton - Averse - 12 x 1L
30.0,Boite / Carton / Sleeve pour 4pack (4X200ML) - Soda gingembre Régulier
30.0,Boite / Carton / Sleeve pour 4pack (4X200ML) - Soda Club
30.0,Boite / Carton / Sleeve pour 4pack (4X200ML) - Eau tonique leger
30.0,Boite / Carton / Sleeve pour 4pack (4X200ML) - Eau tonique
30.0,Boite / Carton - Vodka Érable (12X750ML)
30.0,Boite / Carton - Scotch Alister Mackenzie (12X750ML)
30.0,Boite / Carton - Orange Sanguine Framboise Sans Alcool Mocktail
30.0,Boite / Carton - Orange Sanguine Framboise
30.0,Boite / Carton - Opémiska - Gin (12 x 750ml)
30.0,Boite / Carton - Opemiska - Gin bleuet
30.0,Boite / Carton - Opemiska - Gin Fraise (12X750ML)
30.0,Boite / Carton - Liqueur (12X750ML)
30.0,Boite / Carton - Collection Mixo 6Pack
140.0,Canette vide - Cherry River - Amaretto Sour - 355ml
72.0,Foam blanc pour coffret cadeau
72.0,Coffre cadeau sirop d'érable
72.0,Cherry river - Barquette intérieur réconfort 4x200ml
72.0,Cherry River - Collection Réconfort 4 x 200ml
30.0,Boites - Cherry River - 12x355ml mix pack PAB
30.0,Boite extérieur collection réconfort 6 x 4 x 200ml
30.0,Boite coffret - Opemiska - 3X3X375ML GIN - Vide
30.0,Boite coffret - Cherry River - 3X3X375ML GIN - Vide
72.0,Boite coffret - Cherry River - 3X375ML GIN - Vide
30.0,Boite / Carton- Mocktail Petits Fruits
30.0,Boite / Carton 12X40oz Vodka et autre
30.0,Boite / Carton / Sleeve pour 4pack (4X200ML) - Soda gingembre leger
140.0,Canette vide - Cherry River - Paloma - 355ml
140.0,Canette vide - Cherry River - Orange sanguine et Framboise - 355ml
140.0,Canette vide - Cherry River - Orange sanguine et Framboise - 296ml
140.0,Canette vide - Cherry River - Mojito - 355ml
140.0,Canette vide - Cherry River - Mojito - 296ml
140.0,Canette vide - Cherry River - Mojito (Ancien) - 355ml
140.0,Canette vide - Cherry River - Margarita - 355ml
140.0,Canette vide - Cherry River - Limonade Petits Fruits 5%  - 355ml
140.0,Canette vide - Cherry River - Limo thé glacé
140.0,Canette vide - Cherry River - Lime citron vert
140.0,Canette vide - Cherry River - Cosmo - 355ml
140.0,Canette vide - Cherry River - Cosmo - 296ml
140.0,Canette vide - Cherry River - Blank - 355ml
140.0,Canette vide - Cherry River - Tiki Rhum punch - 355ml
140.0,Canette vide - Cherry River - Sans alcool - Mocktail Sangria - 355ml
140.0,Canette vide - Cherry River - Sans alcool - Mocktail Petits Fruits  - 355ml
140.0,Canette vide - Cherry River - Sans alcool - Mocktail Paloma - 355ml
140.0,Canette vide - Cherry River - Sans alcool - Mocktail Orange Sanguine - 355ml
140.0,Canette vide - Cherry River - Sans alcool - Mocktail Mojito - 355ml
140.0,Canette vide - Cherry River - Sans alcool - Mocktail Melon d'eau - 355ml
140.0,Canette vide - Cherry River - Sans alcool - Mocktail Margarita - 355ml
140.0,Canette vide - Cherry River - Sans alcool - Mocktail Cosmo - 355ml
140.0,Canette vide - Cherry River - Sans alcool - Mocktail Amaretto Sour - 355ml
140.0,Canette vide - Cherry River - Sangria - 355ml
140.0,Canette vide - Cherry River - Rhum Cola - 355ml
140.0,Canette vide - Cherry River - Petits Fruits - 355ml
49.0,MET0018455 - Cerise noire amande
49.0,MET0016501 (Orange - Vanille)
49.0,MET0016499 (Poire caramel sirop T Nat)
49.0,MET0016497 (Litchi pamplemousse sirop T Nat)
49.0,MET0016496 (Fraise menthe sirop T Nat)
49.0,MET0016493 (Noix de coco ananas sirop T Nat)
49.0,MET0016492 (Sirop simple T Nat)
14.0,Jus de citron Conc. Clarifié 400gpl
140.0,Canette vide - Opémiska - Gin Tonic Bleuet - 355ml
49.0,MET0019339 (Agrume sirop nat. Renf)
49.0,MET0019338 (Framboises - Menthe)
49.0,MET0019337 (Grenade rhubarbe sirop type nat)
49.0,MET0019336 (Cerise amande sirop type nat)
49.0,MET0019335 (Mûre Rhubarbe sirop type nat)
49.0,MET0019324 (Fleur de sureau)
49.0,MET0019283 (Bleuet sirop naturel réenforcé)
49.0,MET0019267 (Noix de coco sirop type naturel)
49.0,MET0019243 (Lime sirop type naturel)
49.0,MET0019241 (Orgeat)
21.0,Etiquettes - Amers
21.0,Etiquette Moose 50ml
21.0,Etiquette - limonade pfb pour blank 
21.0,Etiquette - 200ml - Vodka Érable
21.0,Etiquette - 200ml - Rhum épicé
21.0,Etiquette - 200ml - Liqueur Cafe
21.0,Etiquette - 200ml - Amaretto
49.0,MET0019395 (Tiki hut)
49.0,MET0019394 (Fassionola sirop type naturel)
49.0,MET0019393 (Pêche)
49.0,MET0019340 (Thé vert - gingembre)
21.0,Étiquette - CDL - Dry Gin 1L
21.0,
21.0,Étiquette Vodka Caesar 750ml
21.0,Étiquette Moose Petit (Label)
21.0,Étiquette Moose 750ml
21.0,Étiquette Moose 250ml
21.0,Étiquette Moose 125ml
21.0,Étiquette Liqueur de vanille 750ml
21.0,Étiquette Liqueur de Café 750ml
21.0,Étiquette Liqueur d'orange 750ml
21.0,Étiquette Liqueur Amaretto 750ml
21.0,Étiquette Cherry River Bourbon 750ml
21.0,Étiquette Ceasar Caisse 6x350ml
21.0,Étiquette - CDL - Liqueur de vanille 1L
21.0,Étiquette - CDL - Liqueur de café - 1L
21.0,Étiquette - CDL - Liqueur d'orange 1L
21.0,Étiquette - CDL - Gin lime et gingembre 1L
21.0,Étiquette - CDL - Gin Petits Fruits Basilic 1L
21.0,Étiquette - CDL - Gin Pamplemousse 1L
21.0,Étiquette - CDL - Gin Framboise lime 1L
21.0,Étiquette Amer Canneberge
21.0,
21.0,Étiquette Gin litchi tangerine CDL 
21.0,Étiquette Gin Floral CDL
21.0,Étiquette - CDL - Vodka érable 1L
21.0,Étiquette - CDL - Vodka premium 1L
21.0,Étiquette - CDL - Vodka cerise 1L
21.0,Étiquette - CDL - Vodka Caesar 1L
21.0,Étiquette - CDL - Rhum épicé 1L
21.0,Étiquette - CDL - Rhum ambré 1L
21.0,Étiquette - CDL - Opémiska Fraise 1L
21.0,Étiquette - CDL - Opémiska Boreal 1L
21.0,Étiquette - CDL - Opémiska Bleuet 1L
21.0,Étiquette Ceaser booster 350ml
21.0,Étiquette Bleuet 473ml
21.0,Étiquette Argumes 375ml
21.0,Étiquette Argumes 250ml
21.0,Étiquette Amer Érable 100ml
21.0,Étiquette Amer Poire caramel 100ml
21.0,Étiquette Amer Petits fruits 100ml
21.0,Étiquette Amer Orange 100ml
21.0,Étiquette Amer Mûres 100ml
21.0,Étiquette Amer Citron 100ml
21.0,Étiquette Amer Citron
21.0,Étiquette Amer Cerise 100ml
21.0,Étiquette Noix de coco
21.0,Étiquette Lime 473ml
21.0,Étiquette Framboise menthe 250ml
21.0,Étiquette Fraises menthe 375ml
21.0,Étiquette Fraises Menthe 250ml
21.0,Étiquette Fleur de sureau 473ml
21.0,Étiquette Fashonista 473ml
21.0,Étiquette Cerises noires 250ml
21.0,Étiquette Ceaser booster 473ml
21.0,Étiquette Tonic 473ml
21.0,Étiquette Tiki-Hut 473ml
21.0,Étiquette Thé vert gingembre 375ml
21.0,Étiquette Thé vert gingembre 250ml
21.0,Étiquette Sirop simple 250ml
21.0,Étiquette Rhubarbe Grenade 375ml
21.0,Étiquette Rhubarbe Grenade 250ml
21.0,Étiquette Pêche 473ml
21.0,Étiquette Poire Caramel 375ml
21.0,Étiquette Poire Caramel 250ml
21.0,Étiquette Orgeat 473ml
21.0,Étiquette Orange Vanille 250ml
30.0,Seal type averse
30.0,Seal Vodka
30.0,Seal Gin
30.0,Seal - CDL
72.0,Rhum blend 35866 - Dark Rum
72.0,Rhum blanc
14.0,Malte
35.0,Distilla Agave Mixto 55
21.0,Étiquette noix de coco et ananas 250ml
21.0,Étiquette mures blanches et rhubarbe 250ml
21.0,Étiquette litchi pamplemousse 250ml
7.0,HFC-48
7.0,Caustic - 47
7.0,BOD Lub - Savon à convoyeurs
7.0,Assainisseur Acide - 44 - BOD SAN OXY
,AMO-46
21.0,Étiquette Caesar Booster
7.0,Whisky Canadien 77.3%
3.0,Verres à slush
3.0,Uline - Shipping Tubes
72.0,Texas bourbon
45.0,Tequila Silver 55%
45.0,Sorbate de potassium
30.0,Seals - Amers
30.0,Seal type gin (Chine)
,Produits finis - Averse - Caisses (3 x 1.14L) - London Dry Gin
,Produits finis - Averse - Caisses (3 x 1.14L) - Liqueur orange
,Produits finis - Averse - Caisses (3 x 1.14L) - Liqueur Café
,Produits finis - Averse - Caisses (12 x 1.14L) - Vodka Premium
,Produits finis - Averse - Caisses (12 x 1.14L) - Vodka Mangue
,Produits finis - Averse - Caisses (12 x 1.14L) - Tequila ancienne
,Produits finis - Averse - Caisses (12 x 1.14L) - Tequila
,Produits finis - Averse - Caisses (12 x 1.14L) - Rhum Épicé
,Produits finis - Averse - Caisses (12 x 1.14L) - London Dry Gin
,Produits finis - Averse - Caisses (12 x 1.14L) - Liqueur orange
,Produits finis - Opemiska - Boite coffret - 3X3X375ML GIN
,Produits finis - Cherry River - Boite coffret - 3X375ML GIN
,Produit fini - coffret gins aromatisés
,Coffret réconfort - produit fini
,Calendrier de l’avent - Cherry River 
7.0,Neutral 500 plus
,Produits finis - Averse - Liqueur d'orange - 1.14L
,Produits finis - Averse - Liqueur Café - 1.14L
,Produits finis - Averse - Dry Gin - 1.14L
,Produits finis - Averse - Caisses (3 x 1.14L) - Vodka Pomme
,Produits finis - Averse - Caisses (3 x 1.14L) - Vodka Mangue
,Produits finis - Averse - Caisses (3 x 1.14L) - Vodka Framboise
,Produits finis - Averse - Caisses (3 x 1.14L) - Tequila
,Produits finis - Averse - Caisses (3 x 1.14L) - Rhum Épicé
,Produits finis - Averse - Caisses (3 x 1.14L) - Rhum Ambre
,Produits finis - Averse - Tequila (Vieux) - 1.14L
,Produits finis - Averse - Rhum Épicé - 1.14L
,Produits finis - Averse - Rhum Ambré - 1.14L
,Produits finis - Averse - London Dry Gin - 1.14l
,Produits finis - Averse - Liqueur de Vanille - 1.14L
,Produits finis - Averse - Caisses (12x750ml) - Vodka mangue
,Produits finis - Averse - Caisses (12x750ml) - Vodka Pomme
,Produits finis - Averse - Caisses (12x750ml) - Vodka Framboise
,Produits finis - Averse - Caisses (12x750ml) - Vodka
,Produits finis - Averse - Caisses (12x750ml) - Liqueur d'orange
,Produits finis - Cherry River - Tequila Silver - 1.14l
,Produits finis - Averse - Vodka Premium - 1.14L
,Produits finis - Averse - Vodka Pomme - 1.14L
,Produits finis - Averse - Vodka Mangue - 1.14L
,Produits finis - Averse - Vodka Framboise - 1.14L
,Produits finis - CDL - Caisses (12 X 1L) - Rhum Ambré
,Produits finis - CDL - Caisses (12 X 1L) - Gin floral
,Produits finis - Averse Vodka Framboise - 750ml
,Produits finis - Averse - Vodka Pomme - 750ml
,Produits finis - Averse - Vodka Mangue - 750ml
,Produits finis - Averse - Vodka - 750ml
,Produits finis - Averse - Liqueur d'orange - 750ml
,Produits finis - CDL - Opemiska - Gin Fraise - 1L
,Produits finis - CDL - Opemiska - Gin Bleuet - 1L
,Produits finis - CDL - Liqueur de vanille - 1L
,Produits finis - CDL - Liqueur Café - 1L
,Produits finis - CDL - Gin petits fruits et basilic - 1L
,Produits finis - CDL - Gin litch tangerine - 1L
,Produits finis - CDL - Gin Framboise lime - 1L
,Produits finis - CDL - Gin Floral - 1L
,Produits finis - CDL - Dry Gin - Fini 1L
,Produits finis - CDL - Caisses (3 x 1L) - Gin petits fruits et basilic
,Produits finis - CDL - Caisses (3 x 1L) - Gin Framboise
,Produits finis - CDL - Caisses (12 x 1L) - Vodka Érable
,Produits finis - CDL - Caisses (12 x 1L) - Vodka Ceasar
,Produits finis - CDL - Caisses (12 x 1L) - Rhum Épicé
,Produits finis - CDL - Caisses (12 x 1L) - Opemiska Gin Fraise
,Produits finis - CDL - Caisses (12 x 1L) - Opemiska Gin Bleuet
,Produits finis - CDL - Caisses (12 x 1L) - Gin petits fruits et basilic
,Produits finis - CDL - Caisses (12 x 1L) - Gin Framboise lime
,Produits finis - Cherry River - 4pack - Eau tonique Régulière - 200ml
,Produits finis - Cherry River - Amer - Érable
,Produits finis - Cherry River - Amer - Poire caramel
,Produits finis - Cherry River - Amer - Pamplemousse
,Produits finis - Cherry River - Amer - PFB
,Produits finis - Cherry River - Amer - Orange
,Produits finis - Cherry River - Amer - Mûres
,Produits finis - Cherry River - Amer - Citron
,Produits finis - Cherry River - Amer - Cerise
,Produits finis - Cherry River - Amer - Canneberge
,Produits finis - CDL - Vodka Érable - 1L
,Produits finis - CDL - Vodka cerise - 1L
,Produits finis - CDL - Vodka Original - 1L
,Produits finis - CDL - Vodka Caesar - 1L
,Produits finis - CDL - Rhum Épicé - 1L
,Produits finis - CDL - Rhum Ambré - 1L
,Produits finis - Coffret - Petite bouteille - Dry gin 60 ml
,Produits finis - Coffret - Petite bouteille - Amer citron 30ml
,Produits finis - Coffret - Petite bouteille - Amer Pamplemousse 30ml
,Produits finis - Coffret - Petite bouteille - Amaretto 60ml
,Produits finis - Cherry River - Soda gingembre régulier - 200ML
,Produits finis - Cherry River - Soda gingembre léger - 200ML
,Produits finis - Cherry River - Eau tonique Régulière - 200ML
,Produits finis - Cherry River - Eau tonique Reguliere - 200ML - Caisse (6 x 4 packs)
,Produits finis - Cherry River - Eau tonique Légère - 200ml
,Produits finis - Cherry River - Eau tonique Leger - 200ML - Caisse 6 x 4 packs
,Produits finis - Cherry River - Club Soda / Soda Club - cabaret (6x 4packs) 200ML 
,Produits finis - Cherry River - Club Soda / Soda Club - 4packs 200ML 
,Produits finis - Cherry River - Club Soda / Soda Club - 200ML
,Produits finis - Cherry River - Bouteille coffret - Vodka érable - 200ml
,Produits finis - Cherry River - Bouteille coffret - Rhum épicé - 200ml
,Produits finis - Cherry River - Bouteille coffret - Liqueur de café - 200ml
,Produits finis - Cherry River - Bouteille coffret - Amaretto - 200ml
,Produits finis - Cherry River - 4pack - Eau tonique leger - 200ml
,Produits finis - Cherry River - 12 Pack 296ml - Mixologie
,Produits finis - Coffret - Petite bouteille - Vodka erable 60 ml
,Produits finis - Coffret - Petite bouteille - Vodka cerise 60ml
,Produits finis - Coffret - Petite bouteille - Téquila 60ml
,Produits finis - Coffret - Petite bouteille - Sirop Rhubarbe 60ml
,Produits finis - Coffret - Petite bouteille - Rhum épicé 60ml
,Produits finis - Coffret - Petite bouteille - Rhum ambré 60ml
,Produits finis - Coffret - Petite bouteille - Liqu. Vanille 60ml
,Produits finis - Coffret - Petite bouteille - Liqu. Orange 60ml
,Produits finis - Coffret - Petite bouteille - Liqu. Café 60ml
,Produits finis - Coffret - Petite bouteille - Gin pamplemousse 60ml
,Produits finis - Coffret - Petite bouteille - Gin litchi 60ml
,Produits finis - Coffret - Petite bouteille - Gin lime 60ml
,Produits finis - Coffret - Petite bouteille - Gin fraise 60ml
,Produits finis - Coffret - Petite bouteille - Gin boreal 60ml
,Produits finis - Coffret - Petite bouteille - Gin bleuet 60ml
,Produits finis - Coffret - Petite bouteille - Gin Petits Fruits Basilic 60ml
,Produits finis - Cherry River - Cabaret (24 canettes) 296ml - Litchi tangerine
,Produits finis - Cherry River - Cabaret (24 canettes) 296ml - Litchi pamplemousse
,Produits finis - Cherry River - Cabaret (24 canettes) 296ml - Gin tonic
,Produits finis - Cherry River - Cabaret (24 canettes) 296ml - Cosmo
,Produits finis - Cherry River - Cabaret (24 canettes) 200ml - Soda gingembre régulier
,Produits finis - Cherry River - Cabaret (24 canettes) 200ml - Soda gingembre léger
,Produits finis - Cherry River - 6 Pack 355ml - Mixologie
,Produits finis - Cherry River - 4 Pack 355ml - Tequila Paloma
,Produits finis - Cherry River - 4 Pack 355ml - Sangria
,Produits finis - Cherry River - 4 Pack 355ml - Orange Sanguine Framboise
,Produits finis - Cherry River - 4 Pack 355ml - Mojito
,Produits finis - Cherry River - 4 Pack 355ml - Margarita
,Produits finis - Cherry River - 4 Pack 355ml - Limonade Petits Fruits 5%
,Produits finis - Cherry River - 4 Pack 355ml - Cosmo
,Produits finis - Cherry River - 12 Pack 355ml - Mix
,Produits finis - Cherry River - Cabaret (6X4 Packs) 355ml - Orange sanguine framboise
,Produits finis - Cherry River - Cabaret (6X4 Packs) 355ml - Mojito
,Produits finis - Cherry River - Cabaret (6X4 Packs) 355ml - Margarita
,Produits finis - Cherry River - Cabaret (6X4 Packs) 355ml - Limonade Petits Fruits 5%
,Produits finis - Cherry River - Cabaret (6X4 Packs) 355ml - Cosmo
,Produits finis - Cherry River - Cabaret (4X6 Packs) 355ml - Mixologie
,Produits finis - Cherry River - Cabaret (24 canettes) 355ml - Tiki rhum punch
,Produits finis - Cherry River - Cabaret (24 canettes) 355ml - Rhum cola
,Produits finis - Cherry River - Canette 355ml - Limonade Petits Fruits 5%
,Produits finis - Cherry River - Canette 355ml - Cosmo
,Produits finis - Cherry River - Canette 355ml - Amaretto sour
,Produits finis - Cherry River - Canette 296ml - Orange sanguine framboise
,Produits finis - Cherry River - Canette 296ml - Orange Spritz
,Produits finis - Cherry River - Canette 296ml - Moscow Mule
,Produits finis - Cherry River - Canette 296ml - Mojito
,Produits finis - Cherry River - Canette 296ml - Litchi Tangerine
,Produits finis - Cherry River - Canette 296ml - Litchi Pamplemousse
,Produits finis - Cherry River - Canette 296ml - Ginger Ale Premium
,Produits finis - Cherry River - Canette 296ml - Gin tonic
,Produits finis - Cherry River - Canette 296ml - Cosmo
,Produits finis - Cherry River - Canette 296ml - Club Soda / Soda Club
,Produits finis - Cherry River - Cabaret (6X4 Packs) 355ml - Tequila Paloma
,Produits finis - Cherry River - Cabaret (6X4 Packs) 355ml - Sangria
,Produits finis - Cherry River - Sans alcool - 4 Pack 355ml - Mocktail  Melon d'eau
,Produits finis - Opémiska - Canette 355ml - Gin Tonic Bleuet
,Produits finis - Opémiska - Canette 296ml - Gin Tonic
,Produits finis - Cherry River - Canette 355ml - Tiki Rhum punch
,Produits finis - Cherry River - Canette 355ml - Thé glacé 
,Produits finis - Cherry River - Canette 355ml - Tequila Paloma
,Produits finis - Cherry River - Canette 355ml - Sangria rouge
,Produits finis - Cherry River - Canette 355ml - Rhum Cola
,Produits finis - Cherry River - Canette 355ml - Petits Fruits Basilic
,Produits finis - Cherry River - Canette 355ml - Orange sanguine framboise
,Produits finis - Cherry River - Canette 355ml - Mojito
,Produits finis - Cherry River - Canette 355ml - Margarita
,Produits finis - Cherry River - Sans alcool - Cabaret (24 canettes) 355ml - Mocktail Amaretto Sour 
,Produits finis - Cherry River - Sans alcool - 6 Pack 355ml - Mocktail Mixologie
,Produits finis - Cherry River - Sans alcool - 6 Pack 355ml - Mocktail Collection Fruité Léger
,Produits finis - Cherry River - Sans alcool - 6 Pack 355ml - Mocktail Collection Apéro
,Produits finis - Cherry River - Sans alcool - 4 Pack 355ml - Mocktail Sangria
,Produits finis - Cherry River - Sans alcool - 4 Pack 355ml - Mocktail Petits Fruits
,Produits finis - Cherry River - Sans alcool - 4 Pack 355ml - Mocktail Orange Sanguine
,Produits finis - Cherry River - Sans alcool - 4 Pack 355ml - Mocktail Mojito
,Produits finis - Cherry River - Sans alcool - 4 Pack 355ml - Mocktail Margarita
,Produits finis - Cherry River - Sans alcool - 4 Pack 355ml - Mocktail Cosmo
,Produits finis - Cherry River - Sans alcool - 4 Pack 355ml - Mocktail  Paloma
,Produits finis - Cherry River - Sans alcool - Cabaret (6X4 Packs) 355ml - Mocktail Margarita
,Produits finis - Cherry River - Sans alcool - Cabaret (6X4 Packs) 355ml - Mocktail Cosmo
,Produits finis - Cherry River - Sans alcool - Cabaret (4X6 Packs) 355ml - Mocktail Mixologie
,Produits finis - Cherry River - Sans alcool - Cabaret (4X6 Packs) 355ml - Mocktail Melon d'eau
,Produits finis - Cherry River - Sans alcool - Cabaret (4X6 Packs) 355ml - Mocktail Collection - Fruité Léger
,Produits finis - Cherry River - Sans alcool - Cabaret (4X6 Packs) 355ml - Mocktail Apéro
,Produits finis - Cherry River - Sans alcool - Canette 355ml - Mocktail Margarita
,Produits finis - Cherry River - Sans alcool - Canette 355ml - Mocktail Cosmo
,Produits finis - Cherry River - Sans alcool - Canette 355ml - Mocktail Amaretto Sour
,Produits finis - Cherry River - Sans alcool - Cabaret (6X4 Packs) 355ml - Mocktail Sangria
,Produits finis - Cherry River - Sans alcool - Cabaret (6X4 Packs) 355ml - Mocktail Petits fruits
,Produits finis - Cherry River - Sans alcool - Cabaret (6X4 Packs) 355ml - Mocktail Paloma
,Produits finis - Cherry River - Sans alcool - Cabaret (6X4 Packs) 355ml - Mocktail Orange Sanguine
,Produits finis - Cherry River - Sans alcool - Cabaret (6X4 Packs) 355ml - Mocktail Mojito
,Produits finis - Cherry River - Sirops  - Fraise Menthe 250ml
,Produits finis - Cherry River - Sirops  - Fleur de sureau - 473ml
,Produits finis - Cherry River - Sirops  - Fashionista - 473ml
,Produits finis - Cherry River - Sirops  - Cerises noires 375ml
,Produits finis - Cherry River - Sirops  - Cerises noires 250ml
,Produits finis - Cherry River - Sirops  - Bleuets - 473ml
,Produits finis - Cherry River - Sirops  - Agrumes 375ml
,Produits finis - Cherry River - Sirops  - Agrumes 250ml
,Produits finis - Cherry River - Caesar Booster - 473ml
,Produits finis - Cherry River - Caesar - Sirop 375ml
,Produits finis - Cherry River - Sans alcool - Canette 355ml - Mocktail Sangria
,Produits finis - Cherry River - Sans alcool - Canette 355ml - Mocktail Petits Fruits Basilic
,Produits finis - Cherry River - Sans alcool - Canette 355ml - Mocktail Paloma
,Produits finis - Cherry River - Sans alcool - Canette 355ml - Mocktail Orange Sanguine
,Produits finis - Cherry River - Sans alcool - Canette 355ml - Mocktail Mojito
,Produits finis - Cherry River - Sans alcool - Canette 355ml - Mocktail Melon d'eau
,Produits finis - Cherry River - Sirops  - Rhubarbe grenade - 375ml
,Produits finis - Cherry River - Sirops  - Rhubarbe grenade - 250ml
,Produits finis - Cherry River - Sirops  - Pêche - 473ml
,Produits finis - Cherry River - Sirops  - Poires Caramel - 375ml
,Produits finis - Cherry River - Sirops  - Poires Caramel - 250ml
,Produits finis - Cherry River - Sirops  - Orgeat - 473ml
,Produits finis - Cherry River - Sirops  - Orange vanille - 375ml
,Produits finis - Cherry River - Sirops  - Orange vanille - 250ml
,Produits finis - Cherry River - Sirops  - Noix de coco ananas - 375ml
,Produits finis - Cherry River - Sirops  - Noix de coco ananas - 250ml
,Produits finis - Cherry River - Sirops  - Noix de coco - 473ml
,Produits finis - Cherry River - Sirops  - Mûres Blanches Rhubarbe - 375ml
,Produits finis - Cherry River - Sirops  - Mûres Blanches Rhubarbe - 250ml
,Produits finis - Cherry River - Sirops  - Litchi Pamplemousse - 375ml
,Produits finis - Cherry River - Sirops  - Litchi Pamplemousse - 250ml
,Produits finis - Cherry River - Sirops  - Lime - 473ml
,Produits finis - Cherry River - Sirops  - Framboise Menthe 375ml
,Produits finis - Cherry River - Sirops  - Framboise Menthe 250ml
,Produits finis - Cherry River - Sirops  - Fraise Menthe 375ml
,Produits finis - Opémiska - Gin fraises - 375ml
,Produits finis - Opémiska - Gin Bleuets - 375ml
,Produits finis - Cherry River - Vodka Original - 375ml
,Produits finis - Cherry River - Tequila Silver - Petit format 375ml
,Produits finis - Cherry River - Rhum Épicé - 375ml
,Produits finis - Cherry River - Rhum Ambré - 375ml
,Produits finis - Cherry River - Gin petits fruits et basilic - 375ml
,Produits finis - Cherry River - Gin litchi et tangerine - 375ml
,Produits finis - Cherry River - Gin Framboise Lime - 375ml
,Produits finis - Cherry River - Dry Gin - 375ml
,Produits finis - Cherry River - Sirops - Tiki Hut - 473ml
,Produits finis - Cherry River - Sirops  -Thé vert 375ml
,Produits finis - Cherry River - Sirops  -Thé vert 250ml
,Produits finis - Cherry River - Sirops  - Épices d'automne - 375ml
,Produits finis - Cherry River - Sirops  - Épices d'automne - 250ml
,Produits finis - Cherry River - Sirops  - Tonic - 473ml
,Produits finis - Cherry River - Sirops  - Sirop Simple 375ml
,Produits finis - Cherry River - Sirops  - Sirop Simple 250ml
,Produits finis - Cherry River - Caisses (12 x 750ml) - Liqueur orange
,Produits finis - Cherry River - Caisses (12 x 750ml) - Liqueur de vanille
,Produits finis - Cherry River - Caisses (12 x 750ml) - Liqueur de café
,Produits finis - Cherry River - Caisses (12 x 750ml) - Gin pamplemousse
,Produits finis - Cherry River - Caisses (12 x 750ml) - Gin litchi et tangerine
,Produits finis - Cherry River - Caisses (12 x 750ml) - Gin lime gingembre
,Produits finis - Cherry River - Caisses (12 x 750ml) - Gin Framboise Lime
,Produits finis - Cherry River - Caisses (12 x 750ml) - Bourbon whisky
,Produits finis - Cherry River - Caisses (12 x 750ml) - Amaretto
,Produits finis - Cherry River - Caisses (12 X 750ml) - Gin petits fruits et basilic
,Produits finis - Cherry River - Bourbon / Whiskey 40% - 750ml
,Produit Fini - Crème de Vanille Coaticook - 750ml
,Produit Fini - Cherry River - Caisses (12x750m) - Crème de Vanille Coaticook
,Produits finis - Cherry River - Tequila - 500ml
,Produits finis - Cherry River - Petits Fruits basilic - 500ml
,Produits finis - Cherry River - Gin litchi tangerine - 500ml
,Produits finis - Cherry River - Gin Framboise Lime - 500ml
,Produits finis - Cherry River - Gin Pamplemousse - 750ml
,Produits finis - Cherry River - Gin Framboise Lime - 750ml
,Produits finis - Cherry River - Gin Floral - 750ml
,Produits finis - Cherry River - Dry Gin - 750ml
,Produits finis - Cherry River - Caisses (12x750ml) - Dry Gin
,Produits finis - Cherry River - Caisses (12 x 750ml) - Vodka Érable
,Produits finis - Cherry River - Caisses (12 x 750ml) - Vodka Original
,Produits finis - Cherry River - Caisses (12 x 750ml) - Vodka Ceasar
,Produits finis - Cherry River - Caisses (12 x 750ml) - Tequila Silver
,Produits finis - Cherry River - Caisses (12 x 750ml) - Rhum Épicé
,Produits finis - Cherry River - Caisses (12 x 750ml) - Rhum Ambré
,Produits finis - Cherry River - Caisses (12 x 750ml) - Nene Leaks Rhum Punch
,Produits finis - Cherry River - Gin petits fruits et basilic - 750ml
,Produits finis - Cherry River - Gin litchi et tangerine - 750ml
,Produits finis - Cherry River - Gin lime et gingembre - 750ml
,Produits finis - Cherry River - Vodka cerise - 750ml
,Produits finis - Cherry River - Vodka Original - 750ml
,Produits finis - Cherry River - Vodka Caesar - 750ml
,Produits finis - Cherry River - Tequila Silver - 750ml
,Produits finis - Cherry River - Rhum Épicé - 750ml
,Produits finis - Cherry River - Rhum Punch - 750ML Econo
,Produits finis - Cherry River - Rhum Punch - 750ML
,Produits finis - Cherry River - Rhum Ambré - 750ml
,Produits finis - Cherry River - Nene Leaks Rhum Punch - 750ML
,Produits finis - Cherry River - Liqueur de vanille - 750ml
,Produits finis - Cherry River - Liqueur de Café - 750ml
,Produits finis - Cherry River - Liqueur Orange - 750ml
,Produits finis - Cherry River - Liqueur Amaretto - Carré - 750ml
,Produits finis - Cherry River - Liqueur Amaretto - 750ML
,Tôte - Dark rhum carribean
,Alcool Ubald 95% - KG
,Produits finis - Cherry River - Gin petits fruits et basilic - Sans Alcool - 750ml
,Produits finis - Cherry River - Dry Gin - Sans Alcool - 750ml
,Produits finis - Cherry River - Caisses (12x750ml) - Gin petits fruits et basilic - Sans Alcool
,Produits finis - Cherry River - Caisses (12x750ml) -  Dry Gin - Sans Alcool
,Produits finis - Opémiska - Liqueur de whisky à l'érable 30% - 750ml
,Produits finis - Opémiska - Gin fraises - 750ml
,Produits finis - Opémiska - Gin Boréal - 750ml
,Produits finis - Opémiska - Gin Bleuets - 750ml
,Produits finis - Opémiska - Caisses (12 x 750ml) - Wiskey Érable 30%
,Produits finis - Opémiska - Caisses (12 x 750ml) - Gin Fraise
,Produits finis - Opémiska - Caisses (12 x 750ml) - Gin Boréal
,Produits finis - Opémiska - Caisses (12 x 750ml) - Gin Bleuets
,Produits finis - Cherry River - Vodka Érable - 750ml
,Bouchon pour coaticook 750ml
,Bouchon bouteille 200ml
,Bouchon Bouteille Sirop
,Bouchon Blanc - Averse - 1.14L
,Bouchon - Bouteille 60ml
,Bouchon - Averse - 1.14L
,Bouchon - Ancien modèle
,Bouchon - Alister Mackenzie
,Tôte - Whiskey Canadien
,Tôte - Tequilla
,Tôte - Sucre liquide 67.5
,Tôte - Scotch blend whisky 40%
,Tôte - Rhum blanc
,Tôte - Liqueur cafe
,Tôte - Kentucky straight bourbon
,Tôte - Gin opemiska 40%
,Tôte - Gin PFG
,Cabaret - blanc
,Bouteille vide - 1.14L vierge
,Boite / carton / Sleeve poigné Tonic 4x200ml
,Capsules Alluminium
,Bouchons type vodka
,Bouchons type gin (Chine)
,Bouchons type gin
,Bouchons - Amers
