TABLE_NAME,COLUMN_NAME,DATA_TYPE,IS_NULLABLE,COLUMN_DEFAULT
saq_inventaire,saq_inventaire_id,int,NO,
saq_inventaire,succursale,varchar,NO,
saq_inventaire,code_saq,varchar,NO,''
saq_inventaire,qty,int,NO,
saq_inventaire,annee,int,NO,
saq_inventaire,periode,int,NO,
saq_inventaire,semaine,int,NO,
saq_inventaire,date_du_jour,varchar,NO,
saq_inventaire_entrepot,saq_entrepot_id,int,NO,
saq_inventaire_entrepot,entrepot,varchar,NO,
saq_inventaire_entrepot,code_saq,int,NO,
saq_inventaire_entrepot,qty,float,NO,
saq_inventaire_entrepot,annee,int,NO,
saq_inventaire_entrepot,periode,int,NO,
saq_inventaire_entrepot,semaine,int,NO,
saq_inventaire_entrepot,date,date,NO,
saq_inventaire_entrepot_flat,saq_inventaire_entrepot_flat_id,int,NO,
saq_inventaire_entrepot_flat,entrepot,varchar,NO,
saq_inventaire_entrepot_flat,code_saq,int,NO,
saq_inventaire_entrepot_flat,annee,int,NO,
saq_inventaire_entrepot_flat,P11,float,NO,
saq_inventaire_entrepot_flat,P12,float,NO,
saq_inventaire_entrepot_flat,P13,float,NO,
saq_inventaire_entrepot_flat,P14,float,NO,
saq_inventaire_entrepot_flat,P21,float,NO,
saq_inventaire_entrepot_flat,P22,float,NO,
saq_inventaire_entrepot_flat,P23,float,NO,
saq_inventaire_entrepot_flat,P24,float,NO,
saq_inventaire_entrepot_flat,P31,float,NO,
saq_inventaire_entrepot_flat,P32,float,NO,
saq_inventaire_entrepot_flat,P33,float,NO,
saq_inventaire_entrepot_flat,P34,float,NO,
saq_inventaire_entrepot_flat,P41,float,NO,
saq_inventaire_entrepot_flat,P42,float,NO,
saq_inventaire_entrepot_flat,P43,float,NO,
saq_inventaire_entrepot_flat,P44,float,NO,
saq_inventaire_entrepot_flat,P51,float,NO,
saq_inventaire_entrepot_flat,P52,float,NO,
saq_inventaire_entrepot_flat,P53,float,NO,
saq_inventaire_entrepot_flat,P54,float,NO,
saq_inventaire_entrepot_flat,P61,float,NO,
saq_inventaire_entrepot_flat,P62,float,NO,
saq_inventaire_entrepot_flat,P63,float,NO,
saq_inventaire_entrepot_flat,P64,float,NO,
saq_inventaire_entrepot_flat,P71,float,NO,
saq_inventaire_entrepot_flat,P72,float,NO,
saq_inventaire_entrepot_flat,P73,float,NO,
saq_inventaire_entrepot_flat,P74,float,NO,
saq_inventaire_entrepot_flat,P81,float,NO,
saq_inventaire_entrepot_flat,P82,float,NO,
saq_inventaire_entrepot_flat,P83,float,NO,
saq_inventaire_entrepot_flat,P84,float,NO,
saq_inventaire_entrepot_flat,P91,float,NO,
saq_inventaire_entrepot_flat,P92,float,NO,
saq_inventaire_entrepot_flat,P93,float,NO,
saq_inventaire_entrepot_flat,P94,float,NO,
saq_inventaire_entrepot_flat,P101,float,NO,
saq_inventaire_entrepot_flat,P102,float,NO,
saq_inventaire_entrepot_flat,P103,float,NO,
saq_inventaire_entrepot_flat,P104,float,NO,
saq_inventaire_entrepot_flat,P111,float,NO,
saq_inventaire_entrepot_flat,P112,float,NO,
saq_inventaire_entrepot_flat,P113,float,NO,
saq_inventaire_entrepot_flat,P114,float,NO,
saq_inventaire_entrepot_flat,P121,float,NO,
saq_inventaire_entrepot_flat,P122,float,NO,
saq_inventaire_entrepot_flat,P123,float,NO,
saq_inventaire_entrepot_flat,P124,float,NO,
saq_inventaire_entrepot_flat,P131,float,NO,
saq_inventaire_entrepot_flat,P132,float,NO,
saq_inventaire_entrepot_flat,P133,float,NO,
saq_inventaire_entrepot_flat,P134,float,NO,
saq_inventaire_entrepot_flat,P135,float,NO,
saq_inventaire_flat,saq_inventaire_flat_id,int,NO,
saq_inventaire_flat,succursale,varchar,NO,
saq_inventaire_flat,code_saq,varchar,NO,''
saq_inventaire_flat,annee,int,NO,
saq_inventaire_flat,P11,int,NO,
saq_inventaire_flat,P12,int,NO,
saq_inventaire_flat,P13,int,NO,
saq_inventaire_flat,P14,int,NO,
saq_inventaire_flat,P21,int,NO,
saq_inventaire_flat,P22,int,NO,
saq_inventaire_flat,P23,int,NO,
saq_inventaire_flat,P24,int,NO,
saq_inventaire_flat,P31,int,NO,
saq_inventaire_flat,P32,int,NO,
saq_inventaire_flat,P33,int,NO,
saq_inventaire_flat,P34,int,NO,
saq_inventaire_flat,P41,int,NO,
saq_inventaire_flat,P42,int,NO,
saq_inventaire_flat,P43,int,NO,
saq_inventaire_flat,P44,int,NO,
saq_inventaire_flat,P51,int,NO,
saq_inventaire_flat,P52,int,NO,
saq_inventaire_flat,P53,int,NO,
saq_inventaire_flat,P54,int,NO,
saq_inventaire_flat,P61,int,NO,
saq_inventaire_flat,P62,int,NO,
saq_inventaire_flat,P63,int,NO,
saq_inventaire_flat,P64,int,NO,
saq_inventaire_flat,P71,int,NO,
saq_inventaire_flat,P72,int,NO,
saq_inventaire_flat,P73,int,NO,
saq_inventaire_flat,P74,int,NO,
saq_inventaire_flat,P81,int,NO,
saq_inventaire_flat,P82,int,NO,
saq_inventaire_flat,P83,int,NO,
saq_inventaire_flat,P84,int,NO,
saq_inventaire_flat,P91,int,NO,
saq_inventaire_flat,P92,int,NO,
saq_inventaire_flat,P93,int,NO,
saq_inventaire_flat,P94,int,NO,
saq_inventaire_flat,P101,int,NO,
saq_inventaire_flat,P102,int,NO,
saq_inventaire_flat,P103,int,NO,
saq_inventaire_flat,P104,int,NO,
saq_inventaire_flat,P111,int,NO,
saq_inventaire_flat,P112,int,NO,
saq_inventaire_flat,P113,int,NO,
saq_inventaire_flat,P114,int,NO,
saq_inventaire_flat,P121,int,NO,
saq_inventaire_flat,P122,int,NO,
saq_inventaire_flat,P123,int,NO,
saq_inventaire_flat,P124,int,NO,
saq_inventaire_flat,P131,int,NO,
saq_inventaire_flat,P132,int,NO,
saq_inventaire_flat,P133,int,NO,
saq_inventaire_flat,P134,int,NO,
saq_inventaire_flat,P135,int,YES,NULL
saq_product,saq_product_id,int,NO,
saq_product,code_saq,int,NO,
saq_product,description,varchar,NO,
saq_product,no_fournisseur,int,NO,
saq_product,no_fournisseur_publie,int,NO,
saq_product,unite_vente,int,NO,
saq_product,pays_origine,varchar,NO,
saq_product,pays_destination,varchar,NO,
saq_product,code_couleur,int,NO,
saq_product,prix_vendant,float,NO,
saq_product,import_type,int,NO,
saq_product,taux_alcool,int,NO,
saq_product,millesime_courrant,int,NO,
saq_product,millesime_commande,int,NO,
saq_product,format,int,NO,
saq_product,category_achat,varchar,NO,
saq_product,type_article,varchar,NO,
saq_product,type_listing,varchar,NO,
saq_product,reseau_distribution,varchar,NO,
saq_product,unite_mesure,varchar,NO,
saq_product,designation,varchar,NO,
saq_product,aromate,varchar,NO,
saq_product,cepage,varchar,NO,
saq_product,nature,varchar,NO,
saq_product,status,int,NO,
saq_product,taux_sucre,int,NO,
saq_product,classe_format,int,NO,
saq_product,qualite,int,NO,
saq_ventes,saq_ventes_id,int,NO,
saq_ventes,code_saq,varchar,NO,''
saq_ventes,no_fournisseur,int,NO,
saq_ventes,no_succursale,varchar,NO,''
saq_ventes,type_client,int,NO,
saq_ventes,no_da,int,NO,
saq_ventes,annee,int,NO,
saq_ventes,periode,int,NO,
saq_ventes,semaine,int,NO,
saq_ventes,bouteille,int,NO,
saq_ventes,montant,float,NO,
saq_ventes_flat,saq_vente_flat_id,int,NO,
saq_ventes_flat,succursale,varchar,NO,
saq_ventes_flat,code_saq,varchar,NO,''
saq_ventes_flat,annee,int,NO,
saq_ventes_flat,P11,int,NO,
saq_ventes_flat,P12,int,NO,
saq_ventes_flat,P13,int,NO,
saq_ventes_flat,P14,int,NO,
saq_ventes_flat,P21,int,NO,
saq_ventes_flat,P22,int,NO,
saq_ventes_flat,P23,int,NO,
saq_ventes_flat,P24,int,NO,
saq_ventes_flat,P31,int,NO,
saq_ventes_flat,P32,int,NO,
saq_ventes_flat,P33,int,NO,
saq_ventes_flat,P34,int,NO,
saq_ventes_flat,P41,int,NO,
saq_ventes_flat,P42,int,NO,
saq_ventes_flat,P43,int,NO,
saq_ventes_flat,P44,int,NO,
saq_ventes_flat,P51,int,NO,
saq_ventes_flat,P52,int,NO,
saq_ventes_flat,P53,int,NO,
saq_ventes_flat,P54,int,NO,
saq_ventes_flat,P61,int,NO,
saq_ventes_flat,P62,int,NO,
saq_ventes_flat,P63,int,NO,
saq_ventes_flat,P64,int,NO,
saq_ventes_flat,P71,int,NO,
saq_ventes_flat,P72,int,NO,
saq_ventes_flat,P73,int,NO,
saq_ventes_flat,P74,int,NO,
saq_ventes_flat,P81,int,NO,
saq_ventes_flat,P82,int,NO,
saq_ventes_flat,P83,int,NO,
saq_ventes_flat,P84,int,NO,
saq_ventes_flat,P91,int,NO,
saq_ventes_flat,P92,int,NO,
saq_ventes_flat,P93,int,NO,
saq_ventes_flat,P94,int,NO,
saq_ventes_flat,P101,int,NO,
saq_ventes_flat,P102,int,NO,
saq_ventes_flat,P103,int,NO,
saq_ventes_flat,P104,int,NO,
saq_ventes_flat,P111,int,NO,
saq_ventes_flat,P112,int,NO,
saq_ventes_flat,P113,int,NO,
saq_ventes_flat,P114,int,NO,
saq_ventes_flat,P121,int,NO,
saq_ventes_flat,P122,int,NO,
saq_ventes_flat,P123,int,NO,
saq_ventes_flat,P124,int,NO,
saq_ventes_flat,P131,int,NO,
saq_ventes_flat,P132,int,NO,
saq_ventes_flat,P133,int,NO,
saq_ventes_flat,P134,int,NO,
saq_ventes_flat,P135,int,NO,
saq_ventes_flat,11m,float,NO,
saq_ventes_flat,12m,float,NO,
saq_ventes_flat,13m,float,NO,
saq_ventes_flat,14m,float,NO,
saq_ventes_flat,21m,float,NO,
saq_ventes_flat,22m,float,NO,
saq_ventes_flat,23m,float,NO,
saq_ventes_flat,24m,float,NO,
saq_ventes_flat,31m,float,NO,
saq_ventes_flat,32m,float,NO,
saq_ventes_flat,33m,float,NO,
saq_ventes_flat,34m,float,NO,
saq_ventes_flat,41m,float,NO,
saq_ventes_flat,42m,float,NO,
saq_ventes_flat,43m,float,NO,
saq_ventes_flat,44m,float,NO,
saq_ventes_flat,51m,float,NO,
saq_ventes_flat,52m,float,NO,
saq_ventes_flat,53m,float,NO,
saq_ventes_flat,54m,float,NO,
saq_ventes_flat,61m,float,NO,
saq_ventes_flat,62m,float,NO,
saq_ventes_flat,63m,float,NO,
saq_ventes_flat,64m,float,NO,
saq_ventes_flat,71m,float,NO,
saq_ventes_flat,72m,float,NO,
saq_ventes_flat,73m,float,NO,
saq_ventes_flat,74m,float,NO,
saq_ventes_flat,81m,float,NO,
saq_ventes_flat,82m,float,NO,
saq_ventes_flat,83m,float,NO,
saq_ventes_flat,84m,float,NO,
saq_ventes_flat,91m,float,NO,
saq_ventes_flat,92m,float,NO,
saq_ventes_flat,93m,float,NO,
saq_ventes_flat,94m,float,NO,
saq_ventes_flat,101m,float,NO,
saq_ventes_flat,102m,float,NO,
saq_ventes_flat,103m,float,NO,
saq_ventes_flat,104m,float,NO,
saq_ventes_flat,111m,float,NO,
saq_ventes_flat,112m,float,NO,
saq_ventes_flat,113m,float,NO,
saq_ventes_flat,114m,float,NO,
saq_ventes_flat,121m,float,NO,
saq_ventes_flat,122m,float,NO,
saq_ventes_flat,123m,float,NO,
saq_ventes_flat,124m,float,NO,
saq_ventes_flat,131m,float,NO,
saq_ventes_flat,132m,float,NO,
saq_ventes_flat,133m,float,NO,
saq_ventes_flat,134m,float,NO,
saq_ventes_flat,135m,float,NO,
saq_ventes_flat_full,saq_vente_flat_id,int,NO,
saq_ventes_flat_full,succursale,varchar,NO,
saq_ventes_flat_full,code_saq,varchar,NO,''
saq_ventes_flat_full,annee,int,NO,
saq_ventes_flat_full,P11,int,NO,
saq_ventes_flat_full,P12,int,NO,
saq_ventes_flat_full,P13,int,NO,
saq_ventes_flat_full,P14,int,NO,
saq_ventes_flat_full,P21,int,NO,
saq_ventes_flat_full,P22,int,NO,
saq_ventes_flat_full,P23,int,NO,
saq_ventes_flat_full,P24,int,NO,
saq_ventes_flat_full,P31,int,NO,
saq_ventes_flat_full,P32,int,NO,
saq_ventes_flat_full,P33,int,NO,
saq_ventes_flat_full,P34,int,NO,
saq_ventes_flat_full,P41,int,NO,
saq_ventes_flat_full,P42,int,NO,
saq_ventes_flat_full,P43,int,NO,
saq_ventes_flat_full,P44,int,NO,
saq_ventes_flat_full,P51,int,NO,
saq_ventes_flat_full,P52,int,NO,
saq_ventes_flat_full,P53,int,NO,
saq_ventes_flat_full,P54,int,NO,
saq_ventes_flat_full,P61,int,NO,
saq_ventes_flat_full,P62,int,NO,
saq_ventes_flat_full,P63,int,NO,
saq_ventes_flat_full,P64,int,NO,
saq_ventes_flat_full,P71,int,NO,
saq_ventes_flat_full,P72,int,NO,
saq_ventes_flat_full,P73,int,NO,
saq_ventes_flat_full,P74,int,NO,
saq_ventes_flat_full,P81,int,NO,
saq_ventes_flat_full,P82,int,NO,
saq_ventes_flat_full,P83,int,NO,
saq_ventes_flat_full,P84,int,NO,
saq_ventes_flat_full,P91,int,NO,
saq_ventes_flat_full,P92,int,NO,
saq_ventes_flat_full,P93,int,NO,
saq_ventes_flat_full,P94,int,NO,
saq_ventes_flat_full,P101,int,NO,
saq_ventes_flat_full,P102,int,NO,
saq_ventes_flat_full,P103,int,NO,
saq_ventes_flat_full,P104,int,NO,
saq_ventes_flat_full,P111,int,NO,
saq_ventes_flat_full,P112,int,NO,
saq_ventes_flat_full,P113,int,NO,
saq_ventes_flat_full,P114,int,NO,
saq_ventes_flat_full,P121,int,NO,
saq_ventes_flat_full,P122,int,NO,
saq_ventes_flat_full,P123,int,NO,
saq_ventes_flat_full,P124,int,NO,
saq_ventes_flat_full,P131,int,NO,
saq_ventes_flat_full,P132,int,NO,
saq_ventes_flat_full,P133,int,NO,
saq_ventes_flat_full,P134,int,NO,
saq_ventes_flat_full,P135,int,NO,
saq_ventes_flat_full,11m,float,NO,
saq_ventes_flat_full,12m,float,NO,
saq_ventes_flat_full,13m,float,NO,
saq_ventes_flat_full,14m,float,NO,
saq_ventes_flat_full,21m,float,NO,
saq_ventes_flat_full,22m,float,NO,
saq_ventes_flat_full,23m,float,NO,
saq_ventes_flat_full,24m,float,NO,
saq_ventes_flat_full,31m,float,NO,
saq_ventes_flat_full,32m,float,NO,
saq_ventes_flat_full,33m,float,NO,
saq_ventes_flat_full,34m,float,NO,
saq_ventes_flat_full,41m,float,NO,
saq_ventes_flat_full,42m,float,NO,
saq_ventes_flat_full,43m,float,NO,
saq_ventes_flat_full,44m,float,NO,
saq_ventes_flat_full,51m,float,NO,
saq_ventes_flat_full,52m,float,NO,
saq_ventes_flat_full,53m,float,NO,
saq_ventes_flat_full,54m,float,NO,
saq_ventes_flat_full,61m,float,NO,
saq_ventes_flat_full,62m,float,NO,
saq_ventes_flat_full,63m,float,NO,
saq_ventes_flat_full,64m,float,NO,
saq_ventes_flat_full,71m,float,NO,
saq_ventes_flat_full,72m,float,NO,
saq_ventes_flat_full,73m,float,NO,
saq_ventes_flat_full,74m,float,NO,
saq_ventes_flat_full,81m,float,NO,
saq_ventes_flat_full,82m,float,NO,
saq_ventes_flat_full,83m,float,NO,
saq_ventes_flat_full,84m,float,NO,
saq_ventes_flat_full,91m,float,NO,
saq_ventes_flat_full,92m,float,NO,
saq_ventes_flat_full,93m,float,NO,
saq_ventes_flat_full,94m,float,NO,
saq_ventes_flat_full,101m,float,NO,
saq_ventes_flat_full,102m,float,NO,
saq_ventes_flat_full,103m,float,NO,
saq_ventes_flat_full,104m,float,NO,
saq_ventes_flat_full,111m,float,NO,
saq_ventes_flat_full,112m,float,NO,
saq_ventes_flat_full,113m,float,NO,
saq_ventes_flat_full,114m,float,NO,
saq_ventes_flat_full,121m,float,NO,
saq_ventes_flat_full,122m,float,NO,
saq_ventes_flat_full,123m,float,NO,
saq_ventes_flat_full,124m,float,NO,
saq_ventes_flat_full,131m,float,NO,
saq_ventes_flat_full,132m,float,NO,
saq_ventes_flat_full,133m,float,NO,
saq_ventes_flat_full,134m,float,NO,
saq_ventes_flat_full,135m,float,NO,
saq_ventes_full,saq_ventes_id,int,NO,
saq_ventes_full,code_saq,varchar,NO,''
saq_ventes_full,no_fournisseur,int,NO,
saq_ventes_full,no_succursale,varchar,NO,''
saq_ventes_full,type_client,int,NO,
saq_ventes_full,no_da,int,NO,
saq_ventes_full,annee,int,NO,
saq_ventes_full,periode,int,NO,
saq_ventes_full,semaine,int,NO,
saq_ventes_full,bouteille,int,NO,
saq_ventes_full,montant,float,NO,
saq_ventes_sommaire,saq_ventes_sommaire_id,int,NO,
saq_ventes_sommaire,code_saq,varchar,NO,''
saq_ventes_sommaire,upc,varchar,NO,
saq_ventes_sommaire,description,varchar,NO,
saq_ventes_sommaire,unite_de_vente,int,NO,
saq_ventes_sommaire,qty_bouteille,int,NO,
saq_ventes_sommaire,annee,int,NO,
saq_ventes_sommaire,periode,int,NO,
saq_ventes_sommaire,semaine,int,NO,
saq_ventes_sommaire_flat,saq_ventes_sommaire_flat_id,int,NO,
saq_ventes_sommaire_flat,code_saq,varchar,NO,''
saq_ventes_sommaire_flat,upc,varchar,NO,
saq_ventes_sommaire_flat,description,varchar,NO,
saq_ventes_sommaire_flat,unite_de_vente,int,NO,
saq_ventes_sommaire_flat,annee,int,NO,
saq_ventes_sommaire_flat,P11,int,NO,
saq_ventes_sommaire_flat,P12,int,NO,
saq_ventes_sommaire_flat,P13,int,NO,
saq_ventes_sommaire_flat,P14,int,NO,
saq_ventes_sommaire_flat,P21,int,NO,
saq_ventes_sommaire_flat,P22,int,NO,
saq_ventes_sommaire_flat,P23,int,NO,
saq_ventes_sommaire_flat,P24,int,NO,
saq_ventes_sommaire_flat,P31,int,NO,
saq_ventes_sommaire_flat,P32,int,NO,
saq_ventes_sommaire_flat,P33,int,NO,
saq_ventes_sommaire_flat,P34,int,NO,
saq_ventes_sommaire_flat,P41,int,NO,
saq_ventes_sommaire_flat,P42,int,NO,
saq_ventes_sommaire_flat,P43,int,NO,
saq_ventes_sommaire_flat,P44,int,NO,
saq_ventes_sommaire_flat,P51,int,NO,
saq_ventes_sommaire_flat,P52,int,NO,
saq_ventes_sommaire_flat,P53,int,NO,
saq_ventes_sommaire_flat,P54,int,NO,
saq_ventes_sommaire_flat,P61,int,NO,
saq_ventes_sommaire_flat,P62,int,NO,
saq_ventes_sommaire_flat,P63,int,NO,
saq_ventes_sommaire_flat,P64,int,NO,
saq_ventes_sommaire_flat,P71,int,NO,
saq_ventes_sommaire_flat,P72,int,NO,
saq_ventes_sommaire_flat,P73,int,NO,
saq_ventes_sommaire_flat,P74,int,NO,
saq_ventes_sommaire_flat,P81,int,NO,
saq_ventes_sommaire_flat,P82,int,NO,
saq_ventes_sommaire_flat,P83,int,NO,
saq_ventes_sommaire_flat,P84,int,NO,
saq_ventes_sommaire_flat,P91,int,NO,
saq_ventes_sommaire_flat,P92,int,NO,
saq_ventes_sommaire_flat,P93,int,NO,
saq_ventes_sommaire_flat,P94,int,NO,
saq_ventes_sommaire_flat,P101,int,NO,
saq_ventes_sommaire_flat,P102,int,NO,
saq_ventes_sommaire_flat,P103,int,NO,
saq_ventes_sommaire_flat,P104,int,NO,
saq_ventes_sommaire_flat,P111,int,NO,
saq_ventes_sommaire_flat,P112,int,NO,
saq_ventes_sommaire_flat,P113,int,NO,
saq_ventes_sommaire_flat,P114,int,NO,
saq_ventes_sommaire_flat,P121,int,NO,
saq_ventes_sommaire_flat,P122,int,NO,
saq_ventes_sommaire_flat,P123,int,NO,
saq_ventes_sommaire_flat,P124,int,NO,
saq_ventes_sommaire_flat,P131,int,NO,
saq_ventes_sommaire_flat,P132,int,NO,
saq_ventes_sommaire_flat,P133,int,NO,
saq_ventes_sommaire_flat,P134,int,NO,
saq_ventes_sommaire_flat,P135,int,NO,
